,RF,GB,BAG,ADA,KNN,DT,SVM,MLP,LDA,LSVM
acc_score,0.71875,0.71875,0.6770833333333334,0.7604166666666666,0.6979166666666666,0.59375,0.7291666666666666,0.7083333333333334,0.71875,0.7083333333333334
f1_score,0.8029197080291971,0.8057553956834532,0.7669172932330827,0.8296296296296296,0.8,0.688,0.8142857142857143,0.78125,0.7874015748031497,0.78125
precision_score,0.7432432432432432,0.7368421052631579,0.7285714285714285,0.7777777777777778,0.7073170731707317,0.6935483870967742,0.7402597402597403,0.7692307692307693,0.78125,0.7692307692307693
recall_score,0.873015873015873,0.8888888888888888,0.8095238095238095,0.8888888888888888,0.9206349206349206,0.6825396825396826,0.9047619047619048,0.7936507936507936,0.7936507936507936,0.7936507936507936
auc_score,0.6486291486291487,0.6414141414141414,0.6168831168831168,0.702020202020202,0.5966810966810967,0.5533910533910534,0.6493506493506493,0.6695526695526695,0.6847041847041846,0.6695526695526695
specf_score,0.42424242424242425,0.3939393939393939,0.42424242424242425,0.5151515151515151,0.2727272727272727,0.42424242424242425,0.3939393939393939,0.5454545454545454,0.5757575757575758,0.5454545454545454
