,RF,GB,BAG,ADA,KNN,DT,SVM,MLP,LDA,LSVM
acc_score,0.7549019607843137,0.7647058823529411,0.7598039215686274,0.7254901960784313,0.7352941176470589,0.6764705882352942,0.7745098039215687,0.7450980392156863,0.7598039215686274,0.7549019607843137
f1_score,0.8376623376623377,0.8471337579617835,0.842443729903537,0.8145695364238411,0.8373493975903614,0.7828947368421053,0.8553459119496856,0.8278145695364238,0.839344262295082,0.8376623376623377
precision_score,0.8012422360248447,0.7964071856287425,0.7987804878048781,0.7935483870967742,0.7513513513513513,0.7579617834394905,0.7953216374269005,0.8064516129032258,0.810126582278481,0.8012422360248447
recall_score,0.8775510204081632,0.9047619047619048,0.891156462585034,0.8367346938775511,0.9455782312925171,0.8095238095238095,0.9251700680272109,0.8503401360544217,0.8707482993197279,0.8775510204081632
auc_score,0.6580737558181167,0.6541353383458647,0.6561045470819906,0.6376655925528106,0.569280343716434,0.5714285714285714,0.6555674901539563,0.6620121732903688,0.6722162549230218,0.6580737558181167
specf_score,0.43859649122807015,0.40350877192982454,0.42105263157894735,0.43859649122807015,0.19298245614035087,0.3333333333333333,0.38596491228070173,0.47368421052631576,0.47368421052631576,0.43859649122807015
