,RF,GB,BAG,ADA,KNN,DT,SVM,MLP,LDA,LSVM
acc_score,0.6458333333333334,0.7083333333333334,0.65625,0.6770833333333334,0.71875,0.53125,0.625,0.7604166666666666,0.71875,0.71875
f1_score,0.746268656716418,0.7910447761194029,0.7555555555555555,0.7596899224806202,0.8057553956834532,0.6218487394957983,0.6896551724137931,0.8270676691729323,0.784,0.784
precision_score,0.704225352112676,0.7464788732394366,0.7083333333333334,0.7424242424242424,0.7368421052631579,0.6607142857142857,0.7547169811320755,0.7857142857142857,0.7903225806451613,0.7903225806451613
recall_score,0.7936507936507936,0.8412698412698413,0.8095238095238095,0.7777777777777778,0.8888888888888888,0.5873015873015873,0.6349206349206349,0.873015873015873,0.7777777777777778,0.7777777777777778
auc_score,0.5786435786435786,0.647907647907648,0.5865800865800865,0.6313131313131313,0.6414141414141414,0.5057720057720058,0.6204906204906204,0.7092352092352091,0.6919191919191919,0.6919191919191919
specf_score,0.36363636363636365,0.45454545454545453,0.36363636363636365,0.48484848484848486,0.3939393939393939,0.42424242424242425,0.6060606060606061,0.5454545454545454,0.6060606060606061,0.6060606060606061
